Name,Regions,1990,1991,1992,1993,1994,1995,1996,1997,1998,1999,2000,2001,2002,2003,2004,2005,2006,2007,2008,2009,2010,2011,2012,2013,2014,2015,1990,1991,1992,1993,1994,1995,1996,1997,1998,1999,2000,2001,2002,2003,2004,2005,2006,2007,2008,2009,2010,2011,2012,2013,2014,2015,1990,1991,1992,1993,1994,1995,1996,1997,1998,1999,2000,2001,2002,2003,2004,2005,2006,2007,2008,2009,2010,2011,2012,2013,2014,2015,1990,1991,1992,1993,1994,1995,1996,1997,1998,1999,2000,2001,2002,2003,2004,2005,2006,2007,2008,2009,2010,2011,2012,2013,2014,2015,1990,1991,1992,1993,1994,1995,1996,1997,1998,1999,2000,2001,2002,2003,2004,2005,2006,2007,2008,2009,2010,2011,2012,2013,2014,2015
China,Asia,299000000000,271000000000,311000000000,346000000000,359000000000,381000000000,425000000000,443000000000,562000000000,732000000000,861000000000,958000000000,1030000000000,1090000000000,1210000000000,1330000000000,1460000000000,1650000000000,1940000000000,2270000000000,2730000000000,3520000000000,4560000000000,5060000000000,6040000000000,7490000000000,2068969.071,2209708.531,2369501.723,2408540.605,2460744.017,2584538.27,2695982.067,2878694.009,3058241.33,3320285.15,3463089.131,3469510.048,3324344.519,3318055.614,3405179.867,3487566.356,3694242.143,4525177.009,5288166.032,5790016.984,6414463.08,6791804.714,7035443.861,7692210.895,8256969.232,9019518.215,16.73805,16.94955,17.16109,17.37263,17.58417,17.79573,18.00729,18.21883,18.43037,18.64191,18.85352,19.19526,19.53704,19.87881,20.22059,20.56238,20.72356,20.88475,21.04594,21.20713,21.36829,21.53259,21.69686,21.86113,22.18964,22.18964,4.435049,5.435049,6.435049,7.094825,8.291803,10.43181,12.41712,13.12418,15.3564,17.1996,18.98438,20.95652,23.66571,27.37925,30.06446,30.8436,30.51443,26.66237,25.56531,27.53404,27.5127,25.80795,26.27401,26.96549,25.37201,28.37201,1140000000,1150000000,1160000000,1180000000,1190000000,1200000000,1220000000,1230000000,1240000000,1250000000,1260000000,1270000000,1280000000,1290000000,1300000000,1300000000,1310000000,1320000000,1320000000,1330000000,1340000000,1340000000,1350000000,1360000000,1360000000,1360000000
Japan,Asia,2050000000000,2490000000000,3020000000000,3020000000000,3100000000000,3540000000000,3850000000000,4410000000000,4850000000000,5330000000000,4710000000000,4320000000000,3910000000000,4430000000000,4730000000000,4160000000000,3980000000000,4300000000000,4660000000000,4570000000000,4360000000000,4360000000000,4850000000000,5040000000000,5500000000000,5910000000000,915334.538,905734.332,989081.575,1025549.89,1094287.805,1099883.647,1123000.415,1108248.074,1173883.707,1183755.271,1205408.906,1201378.873,1158779.334,1197873.221,1219453.516,1202181.946,1216725.268,1237344.809,1259328.474,1237623.501,1230898.223,1250758.695,1206732.693,1101027.751,1168918.589,1187656.959,68.43116,68.41086,68.39057,68.37027,68.34997,68.32968,68.32812,68.30782,68.28752,68.26722,68.24691,68.27929,68.31166,68.34403,68.37641,68.40878,68.42579,68.4428,68.45981,68.47682,68.48443,68.4791,68.47378,68.46939,68.46061,68.46061,30.46273,32.46273,27.49116,30.28623,31.53845,35.02838,58.46382,66.50707,71.96563,74.99461,72.62686,71.89985,74.17846,73.63732,72.63332,70.78543,67.70992,68.8998,66.3096,65.53303,55.25732,46.35192,48.85869,49.23797,48.99664,47.99664,124000000,124000000,124000000,125000000,125000000,125000000,126000000,126000000,126000000,127000000,127000000,127000000,127000000,128000000,128000000,128000000,128000000,128000000,128000000,128000000,128000000,128000000,128000000,127000000,127000000,127000000
Philippines,Asia,29868363901,33195974365,37885485203,42575217415,44311595230,45417561302,52976344929,54368083953,64084460124,74119987245,82848140618,82344260571,72207025219,82995147090,81026297144,76262072022,81357602950,83908206456,91371239765,103000000000,122000000000,149000000000,174000000000,168000000000,200000000000,224000000000,29207.655,32683.971,37729.763,39141.558,41763.463,43930.66,48752.765,49482.498,54799.648,60710.852,62162.984,71158.135,69240.294,69159.62,73306.997,71051.792,71337.818,71532.169,74066.066,74832.469,67692.82,69669.333,75943.57,74784.798,81700.76,82012.455,21.9841,22.1424,22.3007,22.459,22.6173,22.7756,22.9339,23.0922,23.25049,23.40879,23.56709,23.59862,23.63014,23.66167,23.6932,23.72472,23.56776,23.41081,23.25385,23.09689,22.93993,23.74484,24.54975,25.35466,25.35466,26.96448,4.123836,3.664044,3.530166,2.641651,3.626522,5.126781,4.099665,4.058268,3.934436,4.797287,6.229094,7.80107,7.204363,8.500073,8.683515,8.863356,8.90436,8.167857,7.777797,4.104972,3.510942,3.68837,4.138966,4.308845,4.375048,4.308845,61947340,63509940,65078901,66654954,68240134,69835713,71437381,73042605,74656228,76285225,77932247,79604541,81294378,82971734,84596249,86141373,87592899,88965508,90297115,91641881,93038902,94501233,96017322,97571676,99138690,100138690
Iran,Asia,209000000000,134000000000,123000000000,120000000000,125000000000,1350000000000,1.56E+015,63743623232,71841461173,96419225744,120000000000,114000000000,110000000000,114000000000,110000000000,127000000000,129000000000,154000000000,184000000000,220000000000,259000000000,337000000000,397000000000,399000000000,468000000000,592000000000,148568.505,159741.854,176283.691,191344.06,211134.859,228036.062,229073.823,237768.28,265824.497,273528.864,276726.488,269979.208,309230.776,382713.789,372702.879,398826.587,402178.225,418859.408,447480.343,469328.329,509889.016,521187.043,546394.001,557039.302,571604.626,586598.989,5.573056,5.588419,5.603746,5.619072,5.634399,5.649725,5.665052,5.680378,5.695705,5.711031,5.726567,5.894151,6.061951,6.229744,6.397544,6.56535,6.565337,6.565337,6.565337,6.565337,6.56535,6.565337,6.565337,6.565337,6.565337,6.56535,10.65332,11.25484,11.6974,11.98241,13.02211,16.01865,17.0432,18.54947,19.79187,19.2902,19.35172,18.63987,15.50389,16.84706,16.85209,14.025,14.50622,7.479951,11.11546,17.62325,14.66321,13.98003,15.8457,15.60532,16.01279,13.98003,56169196,57288039,58130099,58811858,59501292,60318632,61306632,62426086,63616065,64780362,65850062,66812736,67696677,68522074,69321953,70122115,70923164,71720859,72530693,73370982,74253373,75184322,76156975,77152445,78143644,80143644
Singapore,Asia,18569643987,20897470244,25337427488,30423195895,36152800270,45474442836,52156414979,60644572348,73777792327,87890009877,96403758865,100000000000,85707636233,86283126844,95833932715,89286208629,91941192896,97001377569,114000000000,127000000000,148000000000,180000000000,192000000000,192000000000,236000000000,275000000000,35027.184,32599.63,36105.282,41888.141,46941.267,47425.311,50267.236,54627.299,65367.942,47109.949,55305.694,69240.294,57293.208,50069.218,49005.788,49541.17,47230.96,31132.83,28474.255,30359.093,30799.133,18195.654,23846.501,23831.833,13479.892,22394.369,23.8806,24.40299,24.40299,24.40299,24.40299,24.40299,24.40299,24.40299,24.40299,24.40299,23.8806,24.40299,24.22222,23.79913,23.73004,23.22206,23.55908,23.52518,23.35714,23.35714,22.79202,23.22443,23.15864,23.12588,22.63083,22.63083,39.89389,40.54177,44.79652,47.50311,50.65898,54.14704,55.71437,57.01659,59.06706,60.89938,62.79495,60.9493,60.62664,56.54326,56.87615,56.89331,58.07082,45.21033,49.38404,48.142,49.90866,45.15697,45.28922,46.99437,47.1824,49.1824,3047132,3135083,3230698,3313471,3419048,3524506,3670704,3796038,3927213,3958723,4027887,4138012,4175950,4114826,4166664,4265762,4401365,4588599,4839396,4987573,5076732,5183688,5312437,5399162,5469724,5499724
Thailand,Asia,43096774497,50535445680,61667254411,72250747142,85343189321,98234695722,111000000000,129000000000,147000000000,169000000000,183000000000,150000000000,114000000000,127000000000,126000000000,120000000000,134000000000,152000000000,173000000000,189000000000,222000000000,263000000000,291000000000,282000000000,341000000000,371000000000,49702.518,56944.843,67003.424,78891.838,95833.378,105235.566,115187.804,130735.884,145469.89,167585.567,186965.662,193096.886,171065.55,182810.951,188355.455,202132.374,215975.299,232198.107,252344.605,256169.286,264181.681,265061.761,264753.733,279403.398,298141.768,303370.91,27.41295,28.00133,28.58972,29.1781,29.76649,30.35487,30.94326,31.53164,32.12003,32.70841,33.2968,32.94016,32.58353,32.2269,31.87027,31.51363,31.57196,31.63029,31.68862,31.74695,31.80528,31.864,31.92272,31.98144,31.864,32.09889,20.87118,20.83936,22.03818,20.65334,23.72078,24.54088,29.15229,30.76462,34.41864,32.40021,33.35913,31.51139,30.77736,30.30814,28.13184,26.67177,27.39161,25.95792,24.55437,25.34038,24.0166,20.74202,20.54185,20.09333,20.43144,20.54185,56582824,57225972,57761574,58237672,58722767,59266089,59878955,60544937,61250974,61973957,62693322,63415174,64136669,64817254,65404522,65863973,66174486,66353572,66453255,66548197,66692024,66902958,67164130,67451422,67725979,67625979
Korea,Asia,120000000000,151000000000,202000000000,249000000000,285000000000,332000000000,356000000000,392000000000,459000000000,559000000000,603000000000,560000000000,376000000000,486000000000,562000000000,533000000000,609000000000,681000000000,765000000000,898000000000,1010000000000,1120000000000,1000000000000,902000000000,1090000000000,1200000000000,182451.585,192660.513,221959.843,235846.772,246943.114,261482.769,284280.508,321951.599,344037.94,374771.067,403780.704,430032.757,364833.497,399864.348,447561.017,450193.923,465631.993,466215.046,482276.506,462922.08,470655.783,495675.724,507589.807,508862.256,566716.515,589426.246,66.03774,65.95273,65.86772,65.78271,65.6977,65.61269,65.52768,65.44267,65.35766,65.27265,65.18764,64.93074,64.82901,64.75413,64.67259,64.58441,64.49628,64.40157,64.26054,64.14624,63.99259,63.91443,63.75758,63.60372,63.60372,63.44777,18.03506412,19.34141797,19.7675874,20.24822702,22.65468425,26.02948933,24.06843678,26.63634319,27.07512644,32.14623669,35.06590914,29.78481845,31.52977881,32.3161911,32.91734928,32.47640858,32.14585123,30.54460905,27.59875522,28.73409455,29.46593215,25.7213172,26.17347489,27.09934491,26.88054979,26.66175467,42869283,43295704,43747962,44194628,44641540,45092991,45524681,45953580,46286503,46616677,47008111,47357362,47622179,47859311,48039415,48138077,48371946,48597652,48948698,49182038,49410366,49779440,50004441,50219669,50423955,51023955
India,Asia,253000000000,284000000000,302000000000,301000000000,327000000000,275000000000,293000000000,284000000000,333000000000,367000000000,400000000000,423000000000,429000000000,467000000000,477000000000,494000000000,524000000000,618000000000,722000000000,834000000000,949000000000,1240000000000,1220000000000,1370000000000,1710000000000,1840000000000,525862.468,561560.713,606298.113,662945.929,690576.774,737851.738,783634.233,814297.687,864931.623,920046.633,1002224.103,1043939.895,1071911.771,1144390.026,1186663.202,1203843.097,1226791.183,1281913.527,1348524.582,1411127.606,1504364.748,1611199.126,1793074.992,1965820.028,1950950.343,2074344.893,21.50518,21.55399,21.60279,21.65159,21.7004,21.7492,21.798,21.8468,21.89561,21.94441,21.99321,22.14921,22.3052,22.46119,22.61719,22.77318,22.91317,23.05315,23.19314,23.33312,23.4731,23.53311,23.59311,23.65311,23.4731,23.77312,3.943481192,4.692855613,4.046947719,4.248778709,4.783519764,5.804881032,6.872112979,6.538267884,5.619516933,5.742129277,6.255549228,6.970229303,6.237803011,5.947717493,5.998070281,5.803803052,6.072403224,6.403290331,6.777733191,9.093724449,7.180548755,6.8707993,6.632256486,8.073939853,8.586259881,9.098579909,871000000,889000000,906000000,924000000,943000000,961000000,979000000,998000000,1020000000,1030000000,1050000000,1070000000,1090000000,1110000000,1130000000,1140000000,1160000000,1180000000,1200000000,1210000000,1230000000,1250000000,1260000000,1280000000,1300000000,1340000000
Algeria,Afica,63696299981,66742269086,59089065518,55631488295,62045098375,45715367087,48003298223,49946455211,42542571306,41764052458,46941496780,48177862502,48187747529,48640611686,54790060513,54744714110,56760288396,67863829705,85324998959,103000000000,117000000000,135000000000,171000000000,137000000000,161000000000,200000000000,76277.267,84120.98,83948.631,80046.943,78924.841,81220.383,81935.448,82294.814,86500.863,95345.667,97131.496,88195.017,107080.067,92118.707,87930.993,84293.329,90853.592,92533.078,89493.135,107127.738,100919.507,109294.935,111575.809,121374.033,119276.509,121755.401,0.699908,0.696214,0.692519,0.688824,0.685129,0.681435,0.67774,0.674045,0.67035,0.666655,0.662961,0.65935,0.655739,0.652128,0.648517,0.644907,0.676984,0.709061,0.741139,0.773216,0.805294,0.808485,0.811675,0.814866,0.821248,0.821248,1.044134562,1.332592302,1.267021123,1.621050043,0.816186621,0.482299465,0.367838705,1.170936851,0.89225619,4.442396541,4.166833432,0.615530032,1.058630887,2.286790119,1.046032703,1.484616118,1.621560789,0.716136566,0.656696365,0.625863298,0.504620349,0.161139885,0.130478689,0.192235191,0.154142442,0.116049693,25912364,26554277,27180921,27785977,28362015,28904300,29411839,29887717,30336880,30766551,31183658,31590320,31990387,32394886,32817225,33267887,33749328,34261971,34811059,35401790,36036159,36717132,37439427,38186135,38934334,39034334
Sierra Leone,Afica,490181456.6,701307602.3,1055083945,932974411.9,649644826.8,779981458.9,679997997.6,768812334.8,911915970.7,870758739.4,941742152.7,850218033.6,672375927.3,669384768.9,635874002.2,1079478388,1239004288,1371442566,1431208677,1627854495,1885112202,2158496873,2505458705,2453899847,2578026297,2900558287,674.728,498.712,458.375,374.034,388.702,469.376,293.36,289.693,348.365,352.032,385.035,392.369,366.7,352.032,425.372,568.385,608.722,652.726,641.725,546.383,733.4,641.725,663.727,652.726,726.066,898.415,43.19756,42.92602,42.65447,42.38293,42.11139,41.83984,41.5683,41.29676,41.02521,40.75367,40.48213,40.21058,39.93904,39.6675,39.39595,39.12441,38.85287,38.58132,38.30978,38.03824,37.76669,38.64782,39.52896,40.41009,42.17235,42.17235,25.34353658,16.28882224,16.3328383,18.16863258,36.4446585,39.89388625,19.8214433,21.53758834,22.77450726,17.39462068,18.16863258,21.53758834,31.07932224,27.75385182,28.54064777,16.93751429,5.354229599,5.264358434,5.703950457,0.786125919,0.485227242,0.298991271,0.103682509,0.07649335,0.02729256,0.02190823,3931208,3945899,3929182,3893891,3858559,3837807,3833053,3843472,3878475,3948800,4060709,4220198,4422154,4647701,4870467,5071271,5243214,5391108,5521838,5647194,5775902,5908908,6043157,6178859,6315627,6815627
Congo,Afica,1849268215,2297753649,2212536313,2389593022,2798746051,2724853508,2933222706,1918970178,1769365439,2116003868,2540697538,2322719101,1949481381,2353909442,3219910666,2794259756,3019993723,3495868725,4648628840,6087002682,7731261311,8394688284,11859014004,9593536531,12007880590,14425607224,3377.307,3854.017,4019.032,4393.066,4070.37,3755.008,3619.329,3410.31,2478.892,2966.603,3248.962,2926.266,2533.897,2247.871,1646.483,1664.818,1782.162,1862.836,2137.861,2486.226,2640.24,2830.924,2992.272,2911.598,3252.629,3424.978,66.54758419,66.49780381,66.44802343,66.39824305,66.34846266,66.29868228,66.2489019,66.19912152,66.14934114,66.09956076,66.04978038,66,65.95021962,65.90043924,65.85065886,65.80087848,65.76573939,65.73060029,65.6954612,65.66032211,65.62518302,65.58008785,65.53499268,65.48989751,65.39970717,65.39970717,6.460878493,5.202652818,4.917602132,5.050453901,16.04296974,12.76702264,13.76754279,14.64727685,15.17789508,4.462945119,7.647873459,2.865012369,3.261764964,2.399809007,3.812376911,2.207316996,2.735688879,2.221095533,4.329715111,3.682613553,3.736884669,2.560300763,2.823095422,1.567650582,1.98498516,2.402319738,2386467,2450125,2514907,2581306,2649964,2721277,2795903,2873638,2953011,3031969,3109269,3183883,3256867,3331564,3412592,3503086,3604595,3715665,3832771,3950786,4066078,4177435,4286188,4394334,4504962,4704962
Nigeria,Afica,20721499308,24093203445,23272161397,24231168859,30757075595,27392886873,29300921681,15789003753,18086400536,28546958641,34987951375,35822342618,32004613750,35870792988,46385996029,44138014092,59116868251,67655840108,87845403978,112000000000,145000000000,166000000000,208000000000,169000000000,369000000000,412000000000,73505.015,59343.061,70747.431,42441.858,45375.458,45247.113,64883.898,60061.793,46658.908,34917.174,40421.341,40190.32,40182.986,44788.738,79181.531,83350.91,98125.253,93138.133,97047.155,104696.517,98513.955,95250.325,92683.425,71788.859,85221.08,88026.335,18.92245023,18.47261109,18.02277194,17.57293279,17.12309365,16.6732545,16.22341535,15.7735762,15.32373706,14.87389791,14.42405876,13.97432941,13.52460006,13.07487071,12.62514136,12.17541201,11.72568266,11.27595331,10.82622396,10.37649461,9.926765265,9.477035915,9.027306565,8.577577215,7.678118515,7.678118515,6.677748552,5.583395778,4.655846484,6.111896761,5.191695119,4.387578491,1.675898739,0.111631906,0.018100013,13.39214815,0.590686908,0.366995351,0.142339957,1.730811082,4.759126454,2.877315576,7.787441826,0.995504698,0.40851689,2.527707198,1.089279096,1.197366687,1.877730528,2.736696278,2.10433253,1.471968782,95617345,98085436,101000000,103000000,106000000,108000000,111000000,114000000,117000000,120000000,123000000,126000000,129000000,133000000,136000000,140000000,143000000,147000000,151000000,155000000,159000000,164000000,168000000,173000000,177000000,180000000
South Africa,Afica,79501624628,104000000000,115000000000,125000000000,112000000000,120000000000,131000000000,134000000000,140000000000,155000000000,148000000000,153000000000,138000000000,137000000000,136000000000,122000000000,115000000000,175000000000,229000000000,258000000000,272000000000,299000000000,287000000000,296000000000,375000000000,417000000000,330855.075,329025.242,343055.184,341108.007,319795.403,332618.902,307822.648,321104.522,337576.686,353458.463,358639.934,371327.754,372218.835,371034.394,368610.507,362743.307,347686.605,380810.616,424774.279,391818.95,422445.734,440989.753,469089.974,477806.433,454950.022,477241.715,7.617736524,7.617736524,7.617736524,7.617736524,7.617736524,7.617736524,7.617736524,7.617736524,7.617736524,7.617736524,7.617736524,7.617736524,7.617736524,7.617736524,7.617736524,7.617736524,7.617736524,7.617736524,7.617736524,7.617736524,7.617736524,7.617736524,7.617736524,7.617736524,7.617736524,7.617736524,7.289916712,7.330165605,6.96800466,4.727845505,4.876683179,5.710909897,5.650817654,7.531410066,8.749016042,7.146985101,7.000875876,6.460410909,5.163790009,4.832737639,5.537991577,6.656221763,6.458640303,5.580762849,5.123385369,5.354949319,4.625784115,5.007137768,5.38000172,5.468510551,5.854429201,6.240347851,35200000,35933108,36690739,37473796,38283223,39120000,40000247,40926063,41899683,42923485,44000000,44909738,45546345,46127031,46727694,47349013,47991699,48656506,49344228,50055701,50791808,51553479,52341695,53157490,54001953,55001953
Mexico,South America,129000000000,140000000000,183000000000,223000000000,263000000000,314000000000,364000000000,504000000000,527000000000,344000000000,397000000000,481000000000,502000000000,579000000000,684000000000,725000000000,742000000000,713000000000,770000000000,866000000000,965000000000,1040000000000,1100000000000,893000000000,1050000000000,1170000000000,294559.109,307356.939,307067.246,361877.895,314291.236,326374.001,328698.879,330448.038,348133.979,328291.842,341482.041,359046.971,374063.336,382607.446,382508.437,395636.297,391859.287,405918.565,411767.43,435437.915,445291.144,458866.378,474491.465,450575.291,445063.79,466548.743,35.8857,35.78775,35.68981,35.59186,35.49392,35.39597,35.29803,35.20008,35.10214,35.00419,34.90625,34.82672,34.74719,34.66766,34.58813,34.5086,34.44842,34.38823,34.32804,34.26786,34.20767,34.16055,34.11343,34.06631,33.97207,33.97207,8.429322,8.680141,11.24383,11.59887,13.93698,15.17258,15.80527,17.55396,19.25282,20.74644,22.45135,22.056,21.42671,21.3991,21.2854,19.63566,18.98141,17.17706,15.72923,18.17619,16.93781,16.50982,16.33507,15.92476,15.9922,16.0012,85609404,87347208,89110043,90887097,92663664,94426946,96181710,97925825,99632299,101000000,103000000,104000000,106000000,107000000,108000000,110000000,111000000,113000000,115000000,117000000,119000000,120000000,122000000,124000000,125000000,126000000
Bahamas,South America,2472500000,2713999900,2817900000,3062000000,3166000000,3111160000,3109000000,3092000000,3259000000,3429000000,3609000000,4961119000,5353524000,6019972000,6327552000,6516651000,6957996000,6949317000,7094413000,7706222000,7965588000,8318996000,8246650000,7820420000,7909580000,7889750000,1411.795,1422.796,1540.14,1947.177,1950.844,1782.162,1793.163,1701.488,1686.82,1683.153,1668.485,1364.124,1679.486,1675.819,1668.485,1569.476,1576.81,1518.138,1723.49,1598.812,1521.805,1547.474,1045.095,1642.816,2464.224,1906.84,57.9664,57.71679,57.46718,57.21758,56.96797,56.71836,56.46875,56.21915,55.96954,55.71993,55.47032,55.21979,54.96926,54.71873,54.4682,54.21767,53.7515,53.28533,52.81916,52.353,51.88683,51.62005,51.35327,51.08649,50.55294,50.55294,0.11123,0.12123,0.11123,0.12123,0.11123,0.12123,0.11123,0.12123,0.225207,1.28497,0.104314,0.138567,1.710395,0.12094,0.058654,0.099451,0.165677,0.844632,0.395744,1.051062,0.731122,0.427288,3.104583,1.229335,4.123387,6.123387,256338,261117,266133,271165,275903,280151,283792,286968,290054,293572,297891,303138,309170,315757,322539,329243,335801,342259,348587,354780,360830,366711,372388,377841,383054,393054
Chile,South America,17722536671,20902096532,24640912616,28385038397,31558927517,36424168146,44467946384,47693992627,55154226760,71349202309,75769008174,82808986192,79373597080,72995286764,79328640264,72336972322,70984568429,77840186385,101000000000,124000000000,155000000000,173000000000,180000000000,172000000000,218000000000,251000000000,22247.689,22673.061,26926.781,32386.944,33314.695,31323.514,32474.952,34627.481,38103.797,41745.128,48499.742,56394.793,57641.573,61513.925,58815.013,53549.201,55335.03,55602.721,60054.459,61818.286,64814.225,71638.512,71851.198,66805.406,72258.235,79408.885,20.5277,20.60449,20.68129,20.75808,20.83488,20.91168,20.98847,21.06527,21.14206,21.21886,21.29565,21.3516,21.40755,21.4635,21.51945,21.5754,21.62624,21.67708,21.72791,21.77875,21.82959,22.23415,22.6387,23.04326,23.85237,23.85237,4.682247,1.991528,2.366165,2.379427,2.14747,3.33969,3.66049,3.327845,3.67255,3.23902,3.40605,3.178117,3.777844,4.140213,5.372277,6.609133,6.389555,6.785043,5.884394,5.372514,5.493882,4.604655,4.642984,4.912491,6.174829,8.12343,13141202,13354054,13566942,13778676,13987999,14193986,14396020,14594070,14788609,14980484,15170387,15358418,15544554,15729268,15913119,16096571,16279728,16462701,16645940,16829957,17015048,17201305,17388437,17575833,17762647,17762999
Colombia,South America,34942483688,36373312083,39212545681,39540083646,40274204595,41239551378,49279585355,55802540101,81703496604,92507277798,97160111573,107000000000,98443743191,86186156584,99886577576,98203544965,97933392356,94684582573,117000000000,147000000000,163000000000,207000000000,244000000000,234000000000,287000000000,335000000000,49101.13,50487.256,52445.434,53233.839,57337.212,57120.859,62049.307,64022.153,67571.809,59614.419,60527.502,64909.567,65976.664,56512.137,57923.932,56273.782,55661.393,57421.553,55071.006,60945.54,62940.388,62430.675,65158.923,67432.463,78583.81,72423.25,0.159601,0.173267,0.185935,0.198603,0.211272,0.22394,0.236608,0.249277,0.261945,0.274613,0.289277,0.302643,0.318005,0.333367,0.348728,0.369077,0.376459,0.388828,0.401197,0.413566,0.428928,0.438903,0.45187,0.464838,0.488778,0.488778,4.98673,5.223921,6.861887,5.862064,5.710056,6.671061,7.743427,8.021073,8.776844,8.180491,7.740421,7.21109,7.173015,6.615023,5.694388,4.991175,4.075888,2.909197,3.723763,5.220022,5.05632,4.327385,5.189987,7.393977,7.71173,8.00121,34271563,34916770,35558683,36195170,36823539,37441980,38049040,38645409,39234059,39819279,40403959,40988909,41572493,42152147,42724157,43285636,43835744,44374647,44901660,45416276,45918101,46406446,46881018,47342363,47791393,47792100
Brazil,South America,268000000000,294000000000,330000000000,426000000000,462000000000,603000000000,401000000000,438000000000,558000000000,786000000000,854000000000,886000000000,867000000000,602000000000,657000000000,560000000000,509000000000,559000000000,670000000000,892000000000,1110000000000,1400000000000,1690000000000,1660000000000,2210000000000,2620000000000,198883.412,207530.198,209363.698,214024.455,208886.988,219330.604,220705.729,230738.641,242154.012,258347.484,284782.887,300547.32,312289.054,320173.104,327983.814,337433.673,332266.87,321621.569,337826.042,347308.904,347668.27,363212.683,387675.24,367147.374,419754.156,439412.943,65.40989,65.10562,64.80136,64.49709,64.19282,63.88856,63.58429,63.28002,62.97576,62.67149,62.36723,62.0193,61.67138,61.32345,60.97553,60.6276,60.42957,60.23153,60.0335,59.83547,59.63743,59.5197,59.40197,59.28424,59.04878,59.04878,6.460878,5.202653,4.917602,3.953921,4.5959,4.888256,6.213314,7.536264,9.410684,13.17285,18.72726,19.24616,16.5203,11.956,11.59272,12.84315,12.07642,11.86594,11.64694,13.19728,11.20763,9.720194,10.4927,9.63455,10.61499,12.09789,150000000,153000000,155000000,158000000,160000000,163000000,165000000,168000000,171000000,173000000,176000000,178000000,181000000,184000000,186000000,188000000,191000000,193000000,195000000,197000000,199000000,201000000,202000000,204000000,206000000,226000000
United Kingdom,Europe,601000000000,745000000000,910000000000,927000000000,1090000000000,1140000000000,1180000000000,1060000000000,1140000000000,1240000000000,1310000000000,1450000000000,1540000000000,1570000000000,1550000000000,1540000000000,1680000000000,1940000000000,2300000000000,2420000000000,2590000000000,2970000000000,2790000000000,2310000000000,2400000000000,2590000000000,568777.369,571868.65,570464.189,581721.879,555902.532,566804.523,556192.225,545561.592,546606.687,537970.902,551124.431,527021.24,531861.68,530871.59,541799.25,545865.953,527087.246,538517.285,539137.008,542492.313,541373.878,528323.025,521513.406,473237.351,492192.074,448235.745,11.48266,11.55541,11.62816,11.70091,11.77365,11.8464,11.91915,11.9919,12.06465,12.1374,12.21014,12.26553,12.32092,12.37631,12.4317,12.48708,12.5185,12.54991,12.58133,12.61274,12.64415,12.71442,12.78469,12.85496,12.99549,12.99549,23.60937,24.65327,23.59249,25.96585,25.70357,27.03305,26.68947,27.09245,28.68156,29.91837,32.35324,34.0192,31.62139,26.22089,24.46527,27.96387,33.85431,17.45467,18.46345,20.01491,21.01352,21.39266,21.73938,21.86454,20.64717,22.76432,57247586,57424897,57580402,57718614,57865745,58019030,58166950,58316954,58487141,58682466,58892514,59119673,59370479,59647577,59987905,60401206,60846820,61322463,61806995,62276270,62766365,63258918,63700300,64128226,64559135,64559199
France,Europe,775000000000,938000000000,1020000000000,1030000000000,1280000000000,1280000000000,1410000000000,1330000000000,1400000000000,1610000000000,1610000000000,1460000000000,1510000000000,1500000000000,1370000000000,1380000000000,1500000000000,1850000000000,2120000000000,2200000000000,2330000000000,2660000000000,2920000000000,2690000000000,2650000000000,2860000000000,385614.386,377491.981,372207.834,390649.177,375632.812,390627.175,365819.92,359861.045,338093.733,349116.735,375280.78,351507.619,381877.713,373461.948,364063.427,381155.314,378929.445,386333.118,388401.306,390550.168,381467.009,374914.08,371734.791,356626.751,357437.158,338805.131,26.36395,26.51973,26.67551,26.83129,26.98707,27.14285,27.29863,27.45441,27.61019,27.76597,27.92175,28.13067,28.3396,28.54852,28.75745,28.9669,29.17254,29.37818,29.58377,29.78941,29.99505,30.20142,30.40757,30.61416,31.02691,31.02691,16.68453809,18.68736078,18.44271678,19.14367234,18.68420037,19.18482755,18.89401815,21.19150192,22.26935681,22.82382313,24.60331145,23.48793024,21.47693911,19.72053672,19.75554711,20.26557961,21.462423,18.47804602,19.97045065,22.64070501,24.91527927,23.74894735,25.41260261,25.89666503,26.09278566,26.28890629,58512808,58559312,58851216,59106766,59327194,59541900,59753098,59964845,60186291,60496715,60912498,61357431,61805267,62244884,62704897,63179356,63621376,64016229,64374990,64707044,65027512,65342776,65639975,65925498,66217509,66509520
Turkey,Europe,75728009963,87172789528,90852814005,107000000000,151000000000,150000000000,158000000000,180000000000,131000000000,169000000000,181000000000,190000000000,269000000000,250000000000,267000000000,196000000000,233000000000,303000000000,392000000000,483000000000,531000000000,647000000000,730000000000,615000000000,731000000000,775000000000,116881.958,129907.142,126309.815,139316.664,145858.592,148619.843,153108.251,159136.799,156848.591,171974.966,188205.108,198535.047,200614.236,196771.22,216151.315,194552.685,205685.697,218523.864,225421.491,237390.579,261614.781,284658.209,285274.265,277844.923,298002.422,320840.498,12.5021114,12.57500357,12.64789574,12.72078791,12.79368008,12.86657225,12.93946442,13.01235659,13.08524876,13.15814092,13.23103309,13.35550849,13.47998389,13.60445929,13.72893468,13.85341008,13.99399712,14.13458415,14.27517119,14.41575822,14.55634526,14.6893962,14.82244715,14.9554981,15.22159999,15.22159999,1.213969632,0.999972331,1.175220658,1.339299275,1.655497017,1.205811734,1.607365563,2.144679451,2.182560835,4.140513781,4.825745722,3.871274757,1.789857537,1.932463938,1.896813609,1.474042955,1.853989329,1.89332192,1.61597004,1.737729868,1.934102429,1.83861323,1.829143764,1.878077317,1.935369585,1.992661853,53994605,54909508,55811134,56707454,57608769,58522320,59451488,60394104,61344874,62295617,63240157,64182694,65125766,66060121,66973561,67860617,68704721,69515492,70344357,71261307,72310416,73199372,74099255,75010202,75932348,76854494
Finland,Europe,73586676050,91642093873,109000000000,119000000000,142000000000,128000000000,113000000000,89255751015,103000000000,134000000000,132000000000,127000000000,134000000000,135000000000,126000000000,129000000000,140000000000,171000000000,197000000000,204000000000,217000000000,255000000000,284000000000,251000000000,248000000000,274000000000,53329.181,57656.241,52185.077,52584.78,51745.037,53699.548,47472.982,50402.915,57223.535,52713.125,61282.904,59933.448,56988.847,55423.038,52427.099,57051.186,61682.607,69130.284,67091.432,54645.634,66200.351,63985.483,56596.478,53167.833,61843.955,54766.645,71.81785351,72.00499031,72.19212712,72.37926393,72.56640074,72.75353754,72.94067435,73.12781116,73.31494796,73.50208477,73.68922158,73.49092222,73.29262287,73.09432352,72.89602416,72.69772481,72.86179343,72.91591305,73.01085884,73.06021718,73.10957552,73.11198131,73.11198131,73.11198131,73.11198131,73.11198131,36.44466,39.89389,40.54177,44.79652,47.50311,50.65898,54.14704,55.71437,57.01659,59.06706,60.89938,62.79495,60.9493,60.62664,56.54326,56.87615,56.89331,58.07082,45.21033,49.38404,48.142,49.90866,45.15697,45.28922,46.99437,47.1824,4986431,5013740,5041992,5066447,5088333,5107790,5124573,5139835,5153498,5165474,5176209,5188008,5200598,5213014,5228172,5246096,5266268,5288720,5313399,5338871,5363352,5388272,5413971,5438972,5461512,5484052
Iceland,Europe,4022192404,5565384032,6156487920,5718878002,6521544489,6966138526,7138787995,6269347503,6441621298,7181787874,7501950116,7596126046,8468339856,8928185824,8924735423,8126161154,9161798221,11297018603,13704440838,16749309720,17041293816,21293841230,17530651670,12855269884,13236887873,14665358677,1785.829,1851.835,1848.168,1903.173,1998.515,1767.494,1818.832,1976.513,2009.516,1947.177,2211.201,2104.858,2101.191,2068.188,2163.53,2101.191,2170.864,2167.197,2233.203,2203.867,2277.207,2310.21,2119.526,2053.52,1961.845,1881.171,0.159600998,0.173266833,0.185935162,0.198603491,0.21127182,0.22394015,0.236608479,0.249276808,0.261945137,0.274613466,0.289276808,0.302643392,0.318004988,0.333366584,0.34872818,0.369077307,0.376458853,0.38882793,0.401197007,0.413566085,0.428927681,0.438902743,0.451870324,0.464837905,0.488778055,0.488778055,10.01254138,1.947317793,3.718243445,4.347914067,21.1336807,16.53203788,19.918246,19.93482971,20.45083847,16.60909962,12.85538733,10.10486459,12.00542838,13.64233689,14.04176464,33.96827921,46.88047286,60.66346169,40.74828151,31.44598071,21.00093641,20.85931678,14.32770111,15.47483325,16.93751222,18.40019119,254826,257797,261057,263725,266021,267468,268916,271128,274047,277381,281205,284968,287523,289521,292074,296734,303782,311566,317414,318499,318041,319014,320716,323764,327386,331008
Spain,Europe,251000000000,318000000000,375000000000,414000000000,535000000000,576000000000,629000000000,524000000000,529000000000,613000000000,641000000000,589000000000,617000000000,633000000000,595000000000,626000000000,705000000000,907000000000,1070000000000,1160000000000,1260000000000,1480000000000,1630000000000,1500000000000,1430000000000,1490000000000,190467.647,190878.351,199033.759,226671.938,218597.204,225634.177,233921.597,219253.597,233404.55,241611.296,233305.541,252073.247,261541.441,282355.333,294434.431,297830.073,314518.59,321097.188,339428.521,353462.13,350037.152,358236.564,329281.932,288237.201,270881.29,270675.938,27.64896684,28.28415826,28.91834855,29.55255887,30.18674916,30.82095947,31.45514977,32.08936008,32.72355038,33.35776069,34.02204409,34.17710423,34.26378647,34.37437151,34.49869786,34.62702118,35.02166419,35.3992707,35.80825982,36.20539045,36.49327013,36.57143714,36.61556146,36.68379281,36.82053538,36.82053538,6.717627934,7.809727511,7.445371449,8.309750461,8.401850844,7.271118933,7.604058764,7.008844654,6.957352483,7.865609384,7.986523656,7.765300974,7.216591247,7.489004231,7.25923021,7.261086496,6.382451285,5.107331614,5.305988783,6.231276919,6.357351118,6.467231061,6.992752484,7.666208168,6.997040848,6.327873528,38850435,38939049,39067745,39189400,39294967,39387017,39478186,39582413,39721108,39926268,40263216,40756001,41431558,42187645,42921895,43653155,44397319,45226803,45954106,46362946,46576897,46742697,46773055,46620045,46476032,46332019
Italy,Europe,639000000000,803000000000,889000000000,926000000000,1180000000000,1240000000000,1320000000000,1060000000000,1100000000000,1170000000000,1310000000000,1240000000000,1270000000000,1250000000000,1140000000000,1160000000000,1270000000000,1570000000000,1800000000000,1850000000000,1940000000000,2200000000000,2390000000000,2190000000000,2130000000000,2280000000000,366454.311,383670.876,389780.098,408907.17,417550.289,423894.199,420535.227,411917.777,407378.031,430483.798,425830.375,430487.465,440153.677,441998.178,450564.29,450347.937,452610.476,468349.24,473970.751,473384.031,469346.664,462676.391,447186.983,401591.505,405361.181,397994.178,25.80667097,26.07153786,26.33640475,26.60127163,26.86613852,27.13100541,27.39587229,27.66073918,27.92560607,28.19047295,28.45533984,28.72054673,28.98575363,29.24797715,29.513157,29.77833685,29.96124295,30.14414904,30.32705514,30.50996124,30.69286734,30.87577344,31.05867954,31.24158564,31.60739784,31.60739784,7.79216176,8.197955649,8.553828263,8.579600669,8.377354972,8.130175681,7.895128437,7.614187477,8.094086137,8.283270321,9.476507205,9.564153967,9.190759209,8.025630617,8.037390502,7.980529645,7.334807392,6.264342095,6.404881289,7.468910189,7.243133472,7.366202698,7.071247855,7.244384051,7.239863171,7.235342291,56719240,56758521,56797087,56831821,56843400,56844303,56860281,56890372,56906744,56916317,56942108,56974100,57059007,57313203,57685327,57969484,58143979,58438310,58826731,59095365,59277417,59379449,59539717,60233948,60789140,61344332
United States,North America,4590000000000,4870000000000,5250000000000,5660000000000,5980000000000,6170000000000,6540000000000,6880000000000,7310000000000,7660000000000,8100000000000,8610000000000,9090000000000,9660000000000,10300000000000,10600000000000,11000000000000,11500000000000,12300000000000,13100000000000,13900000000000,14500000000000,14700000000000,14400000000000,15000000000000,15500000000000,4495463.308,4688373.177,4892526.068,4955081.421,4823557.132,4822383.692,4911103.09,5032931.831,5098475.789,5138009.716,5260696.535,5375235.28,5410918.857,5510430.236,5701829.301,5601404.839,5648727.474,5679222.246,5763456.903,5795161.785,5703871.82,5794923.43,5622464.42,5274132.423,5408869.004,5305569.614,33.02230821,33.03416545,33.04602269,33.05787993,33.06973718,33.08159442,33.09345166,33.1053089,33.11716614,33.12902338,33.13017359,33.15682739,33.18348119,33.21013499,33.2367888,33.2634426,33.34995285,33.4364631,33.57611217,33.66275955,33.74940694,33.77947006,33.80953318,33.8395963,33.89972254,33.89972254,32.52996733,32.40150439,32.56328763,31.4651345,30.99909101,30.30063758,30.75878968,31.72874829,33.21589023,34.25823054,33.78761058,32.5915242,31.75945204,30.82052135,30.27626713,29.90198855,30.05699929,27.2226646,25.92033217,21.48768979,19.96801385,18.10568304,17.77688509,17.81869687,18.22938292,18.64006897,249623000,252981000,256514000,259919000,263126000,266278000,269394000,272657000,275854000,279040000,282162411,284968955,287625193,290107933,292805298,295516599,298379912,301231207,304093966,306771529,309347057,311721632,314112078,316497531,318857056,321216581
Canada,North America,376000000000,429000000000,506000000000,564000000000,592000000000,608000000000,590000000000,575000000000,576000000000,602000000000,627000000000,651000000000,631000000000,674000000000,739000000000,733000000000,753000000000,888000000000,1020000000000,1160000000000,1310000000000,1460000000000,1540000000000,1370000000000,1610000000000,1790000000000,405053.153,431349.21,456053.789,463274.112,435181.225,426780.128,440608.385,445665.178,456955.871,467527.832,479463.917,494601.293,506456.704,515462.856,534483.585,527926.989,519335.208,553185.285,552349.209,563071.517,550233.35,560801.644,544105.793,507424.792,496104.763,485463.129,38.29907264,38.29389312,38.2887136,38.28353408,38.27835456,38.27317504,38.26799553,38.26281601,38.25763649,38.25245697,38.24727745,38.24230688,38.2373363,38.23236572,38.22739514,38.22242456,38.21639829,38.21037201,38.20434574,38.19831946,38.19229318,38.18716865,38.18204412,38.17691958,38.16667052,38.16667052,13.75593582,15.9147325,14.89629768,13.93698098,13.81223138,14.98592861,15.82917166,15.54943269,15.55952168,14.95138062,19.59713773,16.64650348,14.19283221,13.72987327,12.09374088,13.08441299,13.34499585,12.75221945,13.60045257,16.25767275,14.04658137,13.42582088,13.78350409,14.08609928,14.84973362,15.61336796,27791000,28171682,28519597,28833410,29111906,29354000,29671900,29987200,30247900,30499200,30769700,31081900,31362000,31676000,31995000,32312000,32570505,32887928,33245773,33628571,34005274,34342780,34751476,35155499,35543658,35931817
Australia,Oceania,182000000000,189000000000,236000000000,299000000000,311000000000,326000000000,325000000000,312000000000,323000000000,368000000000,401000000000,436000000000,399000000000,389000000000,415000000000,378000000000,394000000000,466000000000,613000000000,693000000000,747000000000,853000000000,1050000000000,927000000000,1140000000000,1390000000000,239964.813,256106.947,261145.405,277771.583,263847.984,261574.444,268068.701,277478.223,278204.289,281940.962,302241.474,305838.801,316964.479,325380.244,329479.95,324877.865,341390.366,336355.575,342776.492,350268.173,357946.871,363795.736,376197.53,382464.433,368170.467,369039.546,16.73209846,16.73600354,16.73990862,16.7438137,16.74771878,16.75162386,16.75552894,16.75943402,16.7633391,16.76724418,16.77114927,16.73990862,16.70866798,16.67742733,16.64618669,16.61494604,16.499616,16.38428596,16.26895591,16.15362587,16.03829582,16.07838798,16.11848014,16.1585723,16.23875662,16.23875662,32.16239,32.52997,32.4015,32.56329,31.46513,30.99909,30.30064,30.75879,31.72875,33.21589,34.25823,33.78761,32.59152,31.75945,30.82052,30.27627,29.90199,30.057,27.22266,25.92033,21.48769,19.96801,18.10568,17.77689,17.8187,18.22938,17065100,17284000,17495000,17667000,17855000,18072000,18311000,18517000,18711000,18926000,19153000,19413000,19651400,19895400,20127400,20394800,20697900,20827600,21249200,21691700,22031750,22340024,22728254,23117353,23470118,23822883
New Zealand,Oceania,30604769011,40376351903,45176536361,43920193525,45495167573,42745381443,41649908337,46775537913,55314476525,63918404822,70141103302,66075101935,56227301279,58762345633,52623101831,53872573916,66711700380,88361029620,104000000000,115000000000,111000000000,137000000000,132000000000,120000000000,145000000000,166000000000,22893.081,24110.525,25397.642,25404.976,23663.151,24176.531,25129.951,26904.779,26387.732,27146.801,28767.615,30971.482,29952.056,32716.974,32896.657,34510.137,33201.018,33938.085,34759.493,33919.75,33553.05,33648.392,34268.115,32320.938,31748.886,31231.839,36.67919942,36.86187384,37.04454825,37.22722267,37.40989708,37.59257149,37.77524591,37.95792032,38.14059474,38.32326915,38.50594356,38.53936425,38.57278493,38.60620561,38.6396263,38.67304698,38.64874103,38.62443508,38.60012913,38.57582317,38.55151722,38.55227678,38.55303634,38.55379591,38.55531503,38.55531503,4.429282379,4.762226947,5.25105677,5.39774213,6.289666411,7.293276907,7.456100457,9.165930819,12.28068047,15.16199047,9.66482301,9.352565046,9.38056797,9.552768031,9.572334264,10.19057811,10.32368543,9.083276997,8.468855488,8.938252769,9.003039589,9.305350251,9.787714794,10.25362493,9.110550748,9.110550748,3329800,3495100,3531700,3572200,3620000,3673400,3732000,3781300,3815000,3835100,3857700,3880500,3948500,4027200,4087500,4133900,4184600,4223800,4259800,4302600,4350700,4384000,4408100,4442100,4509700,4577300
Fiji,Oceania,1290228617,1177908192,1109976928,1182686577,1337024782,1383843860,1531803061,1635426125,1825285158,1970347721,2129266728,2093994597,1656784780,1942170999,1684109743,1660102346,1842691481,2315935753,2727507213,3006725015,3102741451,3405050612,3523185920,2870624636,3140508836,3774537140,605.055,476.71,553.717,630.724,817.741,674.728,722.399,762.736,817.741,869.079,894.748,737.067,704.064,803.073,865.412,1114.768,836.076,861.745,1133.103,1364.124,1360.457,1202.776,1078.098,847.077,1294.451,1235.779,52.16201423,52.30706076,52.45812808,52.60864806,52.75971538,52.91023536,53.06075534,53.21182266,53.36234264,53.51340996,53.63984674,53.84783799,54.03229338,54.21620142,54.40065681,54.57033388,54.53694581,54.48877942,54.44116037,54.39354132,54.35139573,54.61193213,54.87794198,55.14395183,55.66502463,55.66502463,11.58913852,0.785088018,9.543075496,0.903471073,0.950362753,0.827065867,1.155029231,1.205093588,1.207742867,1.195617816,0.333878322,2.466882689,1.405351015,1.218339983,1.147117612,3.114002057,2.427163318,4.405080334,3.080455675,4.478749667,3.397180525,3.537584773,2.053070604,2.215386203,2.078431182,2.078431182,728626,735469,744534,755024,765666,775498,784479,792859,800314,806494,811223,814215,815691,816626,818355,821820,827390,834729,843206,851854,859952,867327,874158,880487,886450,892413
